íîìåð;ãîðîä;íàñåëåíèå
1;Ìîñêâà;5046.0
2;Ñàíêò-Ïåòåðáóðã;3003.0
3;Íèæíèé_Íîâãîðîä;941.0
4;Íîâîñèáèðñê;885.0
5;Ñàìàðà;806.0
6;Åêàòåðèíáóðã;779.0
7;×åëÿáèíñê;689.0
8;Êàçàíü;667.0
9;Ïåðìü;629.0
10;Ðîñòîâ-íà-Äîíó;600.0
11;Âîëãîãðàä;591.0
12;Îìñê;581.1
13;Ñàðàòîâ;579.0
14;Óôà;547.0
15;Âîðîíåæ;447.0
16;Êðàñíîÿðñê;412.0
17;ßðîñëàâëü;407.0
18;Íîâîêóçíåöê;380.0
19;Èðêóòñê;366.0
20;Òóëà;351.0
21;Èâàíîâî;338.0
22;Íèæíèé_Òàãèë;338.0
23;Õàáàðîâñê;323.0
24;Êðàñíîäàð;313.0
25;Ìàãíèòîãîðñê;311.0
26;Áàðíàóë;303.0
27;Àñòðàõàíü;295.8
28;Âëàäèâîñòîê;291.0
29;Êåìåðîâî;289.0
30;Èæåâñê;285.0
31;Ïðîêîïüåâñê;282.0
32;Îðåíáóðã;267.0
33;Àðõàíãåëüñê;262.9
34;Òâåðü;261.0
35;Ïåíçà;255.5
36;Êèðîâ;252.0
37;Ãðîçíûé;250.0
38;Òîìñê;249.0
39;Ìóðìàíñê;222.0
40;Ðÿçàíü;214.0
41;Áðÿíñê;207.0
42;Óëüÿíîâñê;206.0
43;Êóðñê;205.0
44;Êàëèíèíãðàä;204.0
45;Òàãàíðîã;202.0
46;Øàõòû;196.0
47;Ðûáèíñê;182.0
48;Êîìñîìîëüñê-íà-Àìóðå;177.0
49;Îðñê;176.0
50;Óëàí-Óäý;174.0
51;Êîñòðîìà;172.0
52;Òàìáîâ;172.0
53;×èòà;172.0
54;Âëàäèêàâêàç;164.0
55;Äçåðæèíñê;164.0
56;Êîïåéñê;162.0
57;Çëàòîóñò;161.0
58;Ñìîëåíñê;160.0
59;Ëèïåöê;157.0
60;Âëàäèìèð;154.0
61;Îð¸ë;150.0
62;Òþìåíü;150.0
63;Áèéñê;146.0
64;Êóðãàí;146.0
65;Êàìåíñê-Óðàëüñêèé;141.0
66;Ïåòðîçàâîäñê;141.0
67;Ñòàâðîïîëü;141.0
68;Âîëîãäà;139.0
69;Ñûçðàíü;138.0
70;Àíãàðñê;134.4
71;Êàëóãà;134.0
72;Ëåíèíñê-Êóçíåöêèé;132.0
73;Êèñåë¸âñê;130.7
74;Ïîäîëüñê;129.0
75;Ñî÷è;127.0
76;Íîâî÷åðêàññê;123.0
77;×åðåìõîâî;121.7
78;Ìàõà÷êàëà;119.0
79;Êîëîìíà;118.0
80;Íîðèëüñê;118.0
81;Àíæåðî-Ñóäæåíñê;115.6
82;Àðìàâèð;111.0
83;Ðóáöîâñê;111.0
84;Ñòåðëèòàìàê;111.0
85;Îðåõîâî-Çóåâî;108.3
86;Íîâîìîñêîâñê;107.0
87;Áåðåçíèêè;106.0
88;Ñåðïóõîâ;106.0
89;Íîâîøàõòèíñê;104.0
90;Óññóðèéñê;104.0
91;Áåëîâî;100.0
92;Êîâðîâ;99.0
93;Ìûòèùè;99.0
94;Ìèàññ;98.0
95;Ñåðîâ;98.0
96;Ýëåêòðîñòàëü;97.0
97;Áëàãîâåùåíñê;95.0
98;Ëþáåðöû;95.0
99;×åáîêñàðû;94.0
100;Íîâîðîññèéñê;93.0
101;Íîãèíñê;93.0
102;×åðåïîâåö;92.0
103;Ñàðàíñê;91.0
104;Ýíãåëüñ;91.0
105;Ïåðâîóðàëüñê;90.0
106;Éîøêàð-Îëà;89.0
107;Íàëü÷èê;88.0
108;Ïåòðîïàâëîâñê-Êàì÷àòñêèé;86.0
109;Þæíî-Ñàõàëèíñê;85.5
110;Êèíåøìà;85.4
111;×àïàåâñê;83.3
112;Âîðêóòà;83.2
113;Ñîëèêàìñê;82.9
114;Ìàéêîï;82.2
115;Êîðêèíî;81.4
116;Ïñêîâ;81.0
117;Ìè÷óðèíñê;80.6
118;Ñåâåðîäâèíñê;78.7
119;Åëåö;78.0
120;Êèñëîâîäñê;78.0
121;Òðîèöê;76.3
122;Ñåðãèåâ_Ïîñàä;74.0
123;ßêóòñê;74.0
124;Êàíñê;73.8
125;Ëûñüâà;73.0
126;Áåëãîðîä;72.3
127;Êîðîë¸â;72.0
128;Ìóðîì;72.0
129;Òîëüÿòòè;72.0
130;Ïÿòèãîðñê;70.0
131;Ñàðàïóë;69.0
132;Ñûêòûâêàð;69.0
133;Âîëæñêèé;67.0
134;Îñèííèêè;67.0
135;Êóíãóð;64.8
136;Îêòÿáðüñêèé;64.7
137;Øóÿ;64.6
138;Âûøíèé_Âîëî÷¸ê;64.4
139;Áàëàøîâ;64.3
140;Íàõîäêà;64.0
141;Àñáåñò;62.8
142;Íîâîêóéáûøåâñê;62.7
143;Ìàãàäàí;62.2
144;Âîëüñê;61.8
145;Êðàñíîòóðüèíñê;61.7
146;Áóãóëüìà;61.0
147;Âåëèêèé_Íîâãîðîä;61.0
148;Ñàëàâàò;61.0
149;Êèçåë;60.7
150;×óñîâîé;60.7
151;Çåëåíîäîëüñê;60.5
152;Åãîðüåâñê;59.8
153;Âîòêèíñê;59.7
154;Áåëîðåöê;59.3
155;Âåëèêèå_Ëóêè;59.0
156;Ãëàçîâ;59.0
157;Áàëàøèõà;58.0
158;Ù¸ëêîâî;57.8
159;Êàìåíñê-Øàõòèíñêèé;57.5
160;Êóçíåöê;56.9
161;Êàìûøèí;56.5
162;Ñâîáîäíûé;56.3
163;Àáàêàí;56.0
164;Àðò¸ì;55.1
165;Åéñê;55.0
166;Ïàâëîâñêèé_Ïîñàä;55.0
167;Ðåâäà;54.9
168;Áóçóëóê;54.8
169;Êðàñíîêàìñê;54.7
170;Ìåæäóðå÷åíñê;54.5
171;Íîâîòðîèöê;54.5
172;Áîðèñîãëåáñê;54.4
173;Ãóñü-Õðóñòàëüíûé;54.2
174;Êðîïîòêèí;54.0
175;Óçëîâàÿ;53.6
176;Êëèí;53.3
177;Ãóêîâî;53.0
178;Êîòëàñ;52.6
179;Øàäðèíñê;52.3
180;Áàòàéñê;52.0
181;×èñòîïîëü;51.9
182;Âè÷óãà;51.7
183;Âûáîðã;51.1
184;×åðíîãîðñê;51.1
185;Äèìèòðîâãðàä;50.7
186;À÷èíñê;50.3
187;Òèõîðåöê;49.7
188;Áîðîâè÷è;49.5
189;Ðæåâ;49.0
190;Àëüìåòüåâñê;48.6
191;Áåëîãîðñê;48.6
192;Ïàðòèçàíñê;48.5
193;Óñîëüå-Ñèáèðñêîå;48.5
194;Åññåíòóêè;48.0
195;Òàâäà;48.0
196;Ïàâëîâî;47.9
197;Èøèì;47.8
198;Õèìêè;47.8
199;Äåðáåíò;47.3
200;Àëàïàåâñê;47.1
201;Ãóáàõà;47.1
202;Ïîëåâñêîé;47.1
203;Èøèìáàé;46.6
204;Þðãà;46.6
205;Ðàìåíñêîå;46.5
206;Àëåêñèí;46.3
207;Æèãóë¸âñê;46.1
208;Êóøâà;46.1
209;Ïóøêèí;45.6
210;Ìîí÷åãîðñê;45.5
211;Ù¸êèíî;45.5
212;Èðáèò;45.3
213;Èíòà;45.2
214;Êàðïèíñê;45.2
215;Âîñêðåñåíñê;44.8
216;Êóëåáàêè;44.1
217;Ñàòêà;43.1
218;Áðàòñê;43.0
219;Áóãóðóñëàí;42.5
220;Áîð;42.0
221;Êëèíöû;42.0
222;Ëàáèíñê;41.9
223;Òóëóí;41.8
224;Æóêîâñêèé;41.7
225;Ñîêîë;41.7
226;×åðêåññê;41.7
227;Àðçàìàñ;41.5
228;Êèìðû;41.2
229;Ìàðèèíñê;40.8
230;Áèðîáèäæàí;40.7
231;Êèðîâñê;40.5
232;Âûêñà;40.3
233;Êðîíøòàäò;40.3
234;Ñòóïèíî;40.3
235;Ìèíåðàëüíûå_Âîäû;40.1
236;Àçîâ;39.9
237;Êðàñíûé Ñóëèí;39.9
238;Áàðàáèíñê;39.8
239;Íåâèííîìûññê;39.8
240;Âÿçíèêè;39.7
241;Æåëåçíîäîðîæíûé;39.6
242;Ñïàññê-Äàëüíèé;39.6
243;Êèìîâñê;39.5
244;Ìîðøàíñê;39.4
245;Êðàñíîóðàëüñê;39.3
246;Ñëàâÿíñê-íà-Êóáàíè;39.0
247;Íèæíåóäèíñê;38.8
248;Ëåíèíîãîðñê;38.6
249;Çèìà;38.5
250;Ìèíóñèíñê;38.3
251;Ôóðìàíîâ;38.2
252;Êîëü÷óãèíî;37.9
253;Ëèñêè;37.6
254;Ðîñëàâëü;37.4
255;Âåðõíÿÿ_Ñàëäà;37.3
256;Êðàñíîóôèìñê;37.3
257;Êàíäàëàêøà;37.1
258;Âåëèêèé_Óñòþã;37.0
259;Àëàòûðü;36.9
260;Âåðõíèé_Óôàëåé;36.9
261;Àëåêñàíäðîâ;36.7
262;Ãàò÷èíà;36.7
263;Òóàïñå;36.7
264;Âîëõîâ;36.6
265;Àøà;36.5
266;Òîáîëüñê;36.5
267;Ìåäíîãîðñê;36.3
268;Óõòà;36.1
269;Áàëàêîâî;36.0
270;Áåëîðå÷åíñê;35.9
271;Íàðî-Ôîìèíñê;35.4
272;Äîíåöê;35.3
273;Ñëàíöû;35.3
274;Êðàñíîãîðñê;35.2
275;Ãåîðãèåâñê;35.1
276;Ñàëüñê;35.0
277;Òîðæîê;34.9
278;Àðò¸ìîâñêèé;34.8
279;Êîëïèíî;34.8
280;Çàîç¸ðíûé;34.7
281;Ìèõàéëîâêà;34.6
282;Êûçûë;34.5
283;Ãðÿçè;34.4
284;Äìèòðîâ;34.4
285;Èñêèòèì;34.3
286;Õàñàâþðò;34.2
287;Íîâîàëòàéñê;33.9
288;Òàéãà;33.9
289;Îêòÿáðüñê;33.8
290;Ðàññêàçîâî;33.8
291;Åìàíæåëèíñê;33.6
292;Êàðòàëû;33.5
293;Òàéøåò;33.5
294;Âîëæñê;33.4
295;Áóéíàêñê;33.0
296;Êàíàø;32.9
297;Êîðñàêîâ;32.9
298;Êðûìñê;32.8
299;Ïóãà÷¸â;32.7
300;Ðòèùåâî;32.7
301;Êèíåëü;32.4
302;Ëåñîçàâîäñê;32.1
303;Ñîâåòñê;31.9
304;Óðþïèíñê;31.8
305;Ñàôîíîâî;31.7
306;Âÿçüìà;31.6
307;Êàøèðà;31.6
308;Õîëìñê;31.5
309;Ìûñêè;31.2
310;Áîãîòîë;30.9
311;Èâàíòååâêà;30.9
312;Êóìåðòàó;30.9
313;Ïîëûñàåâî;30.9
314;×åáàðêóëü;30.9
315;Òàòàðñê;30.8
316;Áåð¸çîâñêèé;30.6
317;Ïå÷îðà;30.6
318;Íåâüÿíñê;30.5
319;Âåðõíÿÿ_Ïûøìà;30.4
320;Êóéáûøåâ;30.4
321;Áîëîãîå;30.3
322;Äîíñêîé;30.3
323;Êûøòûì;30.3
324;Ñëîáîäñêîé;30.3
325;Ãóðüåâñê;30.2
326;Ðîññîøü;30.2
327;Óñòü-Ëàáèíñê;30.2
328;Øóìåðëÿ;30.2
329;Êàìåíü-íà-Îáè;30.1
330;Êàìûøëîâ;30.1
331;Íèêîëàåâñê-íà-Àìóðå;30.1
332;Àáäóëèíî;30.0
333;Ìèëëåðîâî;30.0
334;Ìîæãà;30.0
335;Ïóøêèíî;30.0
336;Áîãîðîäñê;29.9
337;Àïøåðîíñê;29.8
338;Áàëàõíà;29.8
339;Ïåòðîâñê-Çàáàéêàëüñêèé;29.8
340;Íàçàðîâî;29.7
341;Êëèìîâñê;29.5
342;Áàêàë;29.4
343;Ðîäíèêè;29.3
344;Ðîñòîâ;29.2
345;×åðíÿõîâñê;29.1
346;Áåðäñê;29.0
347;Óãëè÷;28.9
348;Áàëåé;28.8
349;Ñèáàé;28.8
350;Åôðåìîâ;28.7
351;Êèðîâî-×åïåöê;28.7
352;Îñòðîãîæñê;28.4
353;Áîãîðîäèöê;28.3
354;Òåéêîâî;28.3
355;Ãðåìÿ÷èíñê;28.0
356;Áóä¸ííîâñê;27.9
357;Êàñèìîâ;27.9
358;Îòðàäíûé;27.9
359;Àòêàðñê;27.8
360;Âñåâîëîæñê;27.8
361;Äîìîäåäîâî;27.7
362;Òàøòàãîë;27.7
363;Êîòåëüíè÷;27.6
364;Îõà;27.6
365;Ïðîõëàäíûé;27.6
366;Ãîðíî-Àëòàéñê;27.5
367;Ëîìîíîñîâ;27.5
368;Ñòàðûé Îñêîë;27.5
369;Äåãòÿðñê;27.4
370;Áóé;27.2
371;Ðàé÷èõèíñê;27.2
372;Ãîðîäåö;27.0
373;Ìîðîçîâñê;27.0
374;Áåæåöê;26.9
375;Èëàíñêèé;26.7
376;Êàëòàí;26.6
377;Íåëèäîâî;26.5
378;Ñåâåðîìîðñê;26.5
379;Ëþäèíîâî;26.4
380;Ôðîëîâî;26.4
381;Àðñåíüåâ;26.3
382;Ñëàâãîðîä;26.3
383;Áåëåáåé;26.2
384;Ñåðäîáñê;26.1
385;Íîâîçûáêîâ;25.9
386;Ñåâåðîóðàëüñê;25.9
387;Âÿòñêèå Ïîëÿíû;25.7
388;Ñîâåòñêàÿ Ãàâàíü;25.7
389;Òîïêè;25.7
390;Êèçëÿð;25.6
391;Ìîçäîê;25.6
392;Ïëàñò;25.6
393;ßðöåâî;25.6
394;Êîòîâñê;25.5
395;Ëóãà;25.5
396;Áîëîòíîå;25.4
397;Äàëüíåðå÷åíñê;25.4
398;Ñòàðàÿ_Ðóññà;25.4
399;Äîëãîïðóäíûé;25.3
400;Êàìåíêà;25.2
401;Êàñïèéñê;25.2
402;Ñåñòðîðåöê;25.2
403;Ëûòêàðèíî;25.1
404;Ïåòðîâñê;25.0
405;Êàðàáàø;24.9
406;Ðóçàåâêà;24.9
407;Áèðñê;24.8
408;Âîë÷àíñê;24.8
409;Îç¸ðû;24.8
410;Îìóòíèíñê;24.8
411;Àñèíî;24.7
412;Ëèêèíî-Äóë¸âî;24.6
413;Àëåéñê;24.5
414;Êñòîâî;24.4
415;Êóðãàíèíñê;24.3
416;Ðåóòîâ;24.3
417;Ñâåòëîãðàä;24.3
418;Ñîëíå÷íîãîðñê;24.2
419;Ëèâíû;23.9
420;Áîðçÿ;23.7
421;Ñóõîé_Ëîã;23.7
422;Êèðîâ;23.6
423;Áåëàÿ_Êàëèòâà;23.5
424;Óæóð;23.5
425;Òóéìàçû;23.4
426;Êóïèíî;23.2
427;Ñåâåðî-Çàäîíñê;23.2
428;Ýëèñòà;23.2
429;Èñèëüêóëü;23.1
430;Ïåðåñëàâëü-Çàëåññêèé;23.1
431;Ïîõâèñòíåâî;23.1
432;Óñòü-Êàòàâ;23.1
433;Þæà;23.1
434;Âåðåùàãèíî;22.9
435;Êèðîâãðàä;22.7
436;Êîëïàøåâî;22.6
437;Íåðåõòà;22.3
438;Øàðüÿ;22.3
439;Àëåêñàíäðîâñê-Ñàõàëèíñêèé;22.2
440;Íÿçåïåòðîâñê;22.2
441;Åëàáóãà;22.0
442;Èâäåëü;22.0
443;Ïðèìîðñêî-Àõòàðñê;22.0
444;Òåìðþê;22.0
445;Áåð¸çîâñêèé;21.9
446;Êàñëè;21.8
447;Êóäûìêàð;21.8
448;Êóñà;21.8
449;Ðîøàëü;21.8
450;Íÿíäîìà;21.7
451;Ïåòåðãîô;21.7
452;Þæíîóðàëüñê;21.7
453;Ïîðîíàéñê;21.6
454;Ñîëü-Èëåöê;21.6
455;Óÿð;21.6
456;Êóâàíäûê;21.4
457;Íèæíÿÿ_Ñàëäà;21.4
458;Ñëþäÿíêà;21.4
459;Ãàâðèëîâ-ßì;21.3
460;Ãóáêèí;21.3
461;Ëüãîâ;21.3
462;Îíåãà;21.3
463;Ðåæ;21.3
464;Óñòü-Êóò;21.3
465;Øàõóíüÿ;21.3
466;Ñâèðñê;21.2
467;×åðåïàíîâî;21.2
468;Ñêîïèí;21.0
469;Çàðàéñê;20.7
470;Ñàñîâî;20.7
471;Õàíòû-Ìàíñèéñê;20.7
472;Êàòàâ-Èâàíîâñê;20.6
473;Òàðà;20.6
474;Ñîáèíêà;20.5
475;Áîêñèòîãîðñê;20.4
476;Ñîðòàâàëà;20.4
477;Àãðûç;20.3
478;Êîõìà;20.3
479;Îäèíöîâî;20.3
480;Õàäûæåíñê;20.2
481;ßëóòîðîâñê;20.2
482;Àëåêñååâêà;20.1
483;Çàâîëæüå;20.0
484;Êàðàñóê;20.0
485;Çóåâêà;19.9
486;Ñåì¸íîâ;19.8
487;Âåðõíÿÿ_Òóðà;19.7
488;Íåâåëüñê;19.7
489;Ñåãåæà;19.7
490;Þðüåâåö;19.7
491;Ñûñåðòü;19.6
492;Òîãó÷èí;19.6
493;Øàòóðà;19.6
494;Äåäîâñê;19.5
495;Êðàñíîçàâîäñê;19.5
496;Îñòàøêîâ;19.5
497;Áåñëàí;19.4
498;Äÿòüêîâî;19.4
499;Ëèïêè;19.4
500;Ñîðî÷èíñê;19.4
501;Øóìèõà;19.4
502;Ïîâîðèíî;19.3
503;Íûòâà;19.2
504;Áîãäàíîâè÷;19.1
505;Ôðÿçèíî;19.1
506;Àëåêñàíäðîâñê;19.0
507;Êàëà÷èíñê;19.0
508;Êðàñíîñëîáîäñê;19.0
509;Îêóëîâêà;19.0
510;Ñòðóíèíî;19.0
511;Òèìàø¸âñê;19.0
512;Êðàñíîàðìåéñê;18.8
513;Íèæíÿÿ_Òóðà;18.8
514;Òóðèíñê;18.8
515;×åõîâ;18.8
516;Íîâîàííèíñêèé;18.7
517;Ïðèâîëæñê;18.7
518;Ãóäåðìåñ;18.6
519;Èíçà;18.6
520;Àíàïà;18.5
521;Áèêèí;18.5
522;Êåìü;18.4
523;Òèõâèí;18.4
524;Åðøîâ;18.3
525;Êîðåíîâñê;18.2
526;×óëûì;18.2
527;Âàëóéêè;18.1
528;Êàðàáàíîâî;18.1
529;Êèðæà÷;18.1
530;Âÿçåìñêèé;18.0
531;Áàðûø;17.9
532;Äàëüíåãîðñê;17.9
533;Êèðååâñê;17.9
534;Ìàëîÿðîñëàâåö;17.9
535;Óãëåãîðñê;17.9
536;Ìåëåóç;17.8
537;Íîâàÿ_Ëÿëÿ;17.8
538;Îñòðîâ;17.7
539;Øèìàíîâñê;17.7
540;Êîòåëüíèêîâî;17.6
541;Ïîäïîðîæüå;17.6
542;Ëîäåéíîå_Ïîëå;17.5
543;Ìåëåíêè;17.5
544;Áàëòèéñê;17.4
545;Ñàëàèð;17.3
546;Þðþçàíü;17.3
547;Áåë¸â;17.2
548;Òóòàåâ;17.2
549;Äàâëåêàíîâî;17.1
550;Åíèñåéñê;17.0
551;Õâàëûíñê;17.0
552;Âåëüñê;16.9
553;Äàíèëîâ;16.9
554;Êàëà÷;16.9
555;Íîâîàëåêñàíäðîâñê;16.9
556;Ïèêàë¸âî;16.9
557;Òàëèöà;16.9
558;Øèëêà;16.8
559;Þðüåâ-Ïîëüñêèé;16.8
560;Êàëà÷-íà-Äîíó;16.7
561;Ëîñèíî-Ïåòðîâñêèé;16.7
562;Êèðñàíîâ;16.6
563;Ïàâëîâñê;16.6
564;Ñàëåõàðä;16.6
565;Ùåðáèíêà;16.6
566;Ãåëåíäæèê;16.5
567;Óíå÷à;16.5
568;Êóðîâñêîå;16.4
569;Íàçûâàåâñê;16.4
570;Äóäèíêà;16.3
571;Ìàíòóðîâî;16.3
572;Íîâîäâèíñê;16.3
573;Îáíèíñê;16.3
574;ßõðîìà;16.3
575;Êàøèí;16.2
576;Ëûñêîâî;16.2
577;Ãàëè÷;16.1
578;Êîíäîïîãà;16.1
579;Ìàëàÿ_Âèøåðà;16.1
580;Ñîêîëüíèêè;16.1
581;Íàáåðåæíûå_×åëíû;16.0
582;Ñåìèêàðàêîðñê;15.9
583;Çàâèòèíñê;15.8
584;Ìåäâåæüåãîðñê;15.8
585;Ñîñíîãîðñê;15.8
586;Ñõîäíÿ;15.8
587;Âîëãîäîíñê;15.7
588;Ãóëüêåâè÷è;15.7
589;Ìîæàéñê;15.7
590;Çåðíîãðàä;15.6
591;Õèëîê;15.6
592;Äîáðÿíêà;15.5
593;Çàâîëæñê;15.5
594;Êðàñíîâèøåðñê;15.5
595;Âåðõíèé_Òàãèë;15.4
596;Ìèíüÿð;15.4
597;Íèêîëüñê;15.4
598;Íîâîêóáàíñê;15.4
599;Æåðäåâêà;15.3
600;Îáëó÷üå;15.3
601;Àïàòèòû;15.2
602;Àõòóáèíñê;15.2
603;Ñêîâîðîäèíî;15.1
604;Ñðåòåíñê;15.1
605;Òîñíî;15.1
606;Àêñàé;15.0
607;Áëàãîäàðíûé;14.9
608;Îáü;14.9
609;Àðêàäàê;14.8
610;Áåëîìîðñê;14.8
611;Äîëèíñê;14.8
612;Êðàñíûé_Êóò;14.8
613;Ðÿæñê;14.8
614;Àëàãèð;14.7
615;Ìîãî÷à;14.7
616;Ñîâåòñê;14.7
617;Áîäàéáî;14.6
618;Íåâåëü;14.6
619;Ïî÷åï;14.5
620;Àïðåëåâêà;14.4
621;Èâàíãîðîä;14.4
622;Êèðåíñê;14.4
623;Òûðíûàóç;14.4
624;Èãàðêà;14.3
625;Ìöåíñê;14.3
626;Õîòüêîâî;14.3
627;Âèäíîå;14.2
628;Ãóñåâ;14.2
629;Ìóðàøè;14.2
630;Íèæíèå_Ñåðãè;14.2
631;Ïåñòîâî;14.2
632;Ñîñíîâêà;14.1
633;Ñóâîðîâ;14.1
634;Î÷¸ð;14.0
635;Ýëåêòðîóãëè;14.0
636;Ãîðíÿê;13.9
637;Çìåèíîãîðñê;13.9
638;Ìàëãîáåê;13.9
639;Íèæíèé_Ëîìîâ;13.9
640;Ïðèîç¸ðñê;13.9
641;Ñèì;13.9
642;Øåáåêèíî;13.9
643;Ëåñîñèáèðñê;13.8
644;Íàâîëîêè;13.8
645;Åìâà;13.7
646;Çàêàìåíñê;13.7
647;Êîíàêîâî;13.7
648;Ìàêóøèíî;13.7
649;Êóâøèíîâî;13.5
650;Íåð÷èíñê;13.5
651;Îòðàäíîå;13.5
652;Êàìáàðêà;13.4
653;Ìàêàðîâ;13.4
654;Íåÿ;13.4
655;Áèðþñèíñê;13.3
656;Áóòóðëèíîâêà;13.3
657;Ïåðâîìàéñê;13.3
658;Õàðîâñê;13.3
659;Âîëîäàðñê;13.2
660;Äíî;13.2
661;Êàëèíèíñê;13.2
662;Ëóçà;13.2
663;Íàðüÿí-Ìàð;13.2
664;Àðò¸ìîâñê;13.1
665;Êîíäðîâî;13.1
666;Êðàñíîàðìåéñê;13.1
667;Ìàðêñ;13.1
668;Íàðòêàëà;13.1
669;Ñðåäíåóðàëüñê;13.1
670;Àëçàìàé;13.0
671;Øåëåõîâ;13.0
672;Áëàãîâåùåíñê;12.9
673;Íîâûé_Îñêîë;12.9
674;Íîâîóçåíñê;12.8
675;×àéêîâñêèé;12.8
676;Äàíêîâ;12.7
677;Êàðãàò;12.7
678;Íóðëàò;12.7
679;Îñà;12.7
680;Ðûëüñê;12.7
681;Ñóõèíè÷è;12.7
682;Êîçüìîäåìüÿíñê;12.6
683;Ïåòóõîâî;12.6
684;Çåëåíîãîðñê;12.5
685;Íàâàøèíî;12.5
686;ßñíîãîðñê;12.5
687;Àëäàí;12.4
688;Ìàéñêèé;12.4
689;Ïëàâñê;12.4
690;Êóðòàìûø;12.3
691;Ëîáíÿ;12.2
692;Êîçåëüñê;12.1
693;Îëåíåãîðñê;12.1
694;Ïàâëîâñê;12.1
695;Øàõò¸ðñê;12.1
696;Áàáàåâî;12.0
697;Äóáíà;12.0
698;Îæåðåëüå;11.9
699;Óñìàíü;11.9
700;Àáèíñê;11.8
701;Êàìåøêîâî;11.8
702;Êàòàéñê;11.8
703;Óñîëüå;11.8
704;ßðàíñê;11.8
705;Àçíàêàåâî;11.7
706;Âåðõíåóðàëüñê;11.7
707;Äóáîâêà;11.7
708;Îïî÷êà;11.7
709;Ñòàðîäóá;11.7
710;Àáàçà;11.6
711;Ãóñèíîîç¸ðñê;11.6
712;×êàëîâñê;11.6
713;Àðàìèëü;11.5
714;Äðåçíà;11.5
715;Çåëåíîêóìñê;11.5
716;Ïåòóøêè;11.5
717;Ñåìèëóêè;11.5
718;Ýëåêòðîãîðñê;11.5
719;Ìåíçåëèíñê;11.4
720;Áàéìàê;11.3
721;Áîëõîâ;11.3
722;Âûòåãðà;11.3
723;Ãîðíîçàâîäñê;11.3
724;Ó÷àëû;11.3
725;Èçáåðáàø;11.2
726;Êàðà÷åâ;11.2
727;Êðàñàâèíî;11.2
728;Ìåíäåëååâñê;11.2
729;Âîëîêîëàìñê;11.1
730;Âûñîêîâñê;11.1
731;Èçîáèëüíûé;11.1
732;Êàëÿçèí;11.1
733;Êèðîâñê;11.1
734;Êîìñîìîëüñê;11.1
735;Ñîðñê;11.1
736;×åðíóøêà;11.1
737;Äàëìàòîâî;11.0
738;Æóêîâêà;11.0
739;Íèêîëàåâñê;11.0
740;Ôîêèíî;11.0
741;×åðìîç;11.0
742;Áîðîâñê;10.9
743;Êèðñ;10.9
744;Êîðÿæìà;10.9
745;Ëàãàíü;10.9
746;Óðæóì;10.9
747;Âèõîðåâêà;10.8
748;Âîðñìà;10.8
749;Ëåðìîíòîâ;10.8
750;Âåðõîòóðüå;10.7
751;Æåëåçíîâîäñê;10.7
752;Êîíñòàíòèíîâñê;10.7
753;Ïðîëåòàðñê;10.7
754;Ñåíãèëåé;10.7
755;×àïëûãèí;10.7
756;×óäîâî;10.7
757;Âàëäàé;10.6
758;Ìèõàéëîâñê;10.6
759;Êîâûëêèíî;10.5
760;Ñâåòîãîðñê;10.5
761;Áåëàÿ_Õîëóíèöà;10.4
762;Áåëîçåðñê;10.4
763;Òàëäîì;10.4
764;Êÿõòà;10.3
765;Íîëèíñê;10.3
766;Ïàëëàñîâêà;10.3
767;Ùó÷üå;10.3
768;Îáîÿíü;10.2
769;Ðûáíîå;10.2
770;Òþêàëèíñê;10.2
771;Áðîííèöû;10.1
772;Ãîðíîçàâîäñê;10.1
773;Ëåíèíñê;10.1
774;Ìàêàðüåâ;10.1
775;Ïîëÿðíûé;10.1
776;Ñîâåòñê;10.1
777;Ýðòèëü;10.1
778;Âåòëóãà;10.0
779;Ãàãàðèí;9.9
780;Ãîðîõîâåö;9.9
781;Ãîðÿ÷èé_Êëþ÷;9.9
782;Æèðíîâñê;9.9
783;Ëàêèíñê;9.9
784;Òîìàðè;9.9
785;Öèìëÿíñê;9.9
786;Áîðîäèíî;9.8
787;Õàðàáàëè;9.7
788;Çàðèíñê;9.6
789;Êàðà÷àåâñê;9.6
790;Ñóñóìàí;9.6
791;Òðóá÷åâñê;9.6
792;Ëèõîñëàâëü;9.5
793;Ëóõîâèöû;9.5
794;Íåìàí;9.5
795;Íîâîñîêîëüíèêè;9.5
796;Ïó÷åæ;9.3
797;Ñóðîâèêèíî;9.3
798;Ùèãðû;9.3
799;Ãðÿçîâåö;9.2
800;Çåëåíîãîðñê;9.2
801;Îðëîâ;9.2
802;×åõîâ;9.2
803;Ìàëìûæ;9.1
804;Ñîëüöû;9.1
805;Ñóðñê;9.1
806;Áóèíñê;9.0
807;Çàïàäíàÿ_Äâèíà;9.0
808;Ìàìàäûø;9.0
809;Ñóçäàëü;9.0
810;Íîâîõîï¸ðñê;8.9
811;Ñåðàôèìîâè÷;8.9
812;Çâåíèãîðîä;8.8
813;Ìàðèèíñêèé_Ïîñàä;8.8
814;Óñòþæíà;8.8
815;Çàâîäîóêîâñê;8.7
816;Êàðãîïîëü;8.7
817;Ïåòðîâ_Âàë;8.7
818;Êðàñíîãîðñê;8.6
819;Ëåáåäÿíü;8.6
820;Êîçëîâêà;8.5
821;Ñóðàæ;8.5
822;Àíäðåàïîëü;8.4
823;Àðäàòîâ;8.4
824;Äèãîðà;8.4
825;Äìèòðèåâ-Ëüãîâñêèé;8.4
826;Êèíãèñåïï;8.4
827;Áîëîõîâî;8.3
828;Êîëà;8.3
829;Ìèêóíü;8.3
830;Áàáóøêèí;8.2
831;Ñåðãà÷;8.2
832;Çàäîíñê;8.1
833;Ðóäíÿ;8.1
834;Âåëèæ;8.0
835;Îõàíñê;8.0
836;Íîâàÿ_Ëàäîãà;7.9
837;Ïîøåõîíüå;7.9
838;Òåòþøè;7.9
839;Òîòüìà;7.9
840;Ëàõäåíïîõüÿ;7.8
841;Ìèõàéëîâ;7.7
842;Ïèîíåðñêèé;7.7
843;Ïî÷èíîê;7.7
844;Ñåâåðî-Êóðèëüñê;7.7
845;Áîáðîâ;7.6
846;Ãâàðäåéñê;7.6
847;Ëþáèì;7.6
848;Îë¸êìèíñê;7.6
849;Ïîðõîâ;7.6
850;Ëåíñê;7.5
851;×åðäûíü;7.5
852;Ñåáåæ;7.3
853;Çâåíèãîâî;7.2
854;Êîòîâî;7.2
855;Ñïàññê-Ðÿçàíñêèé;7.2
856;Øëèññåëüáóðã;7.2
857;Çåÿ;7.1
858;Ëþáàíü;7.1
859;Áîëãàð;7.0
860;Äèâíîãîðñê;7.0
861;Èñòðà;7.0
862;Ëóêîÿíîâ;7.0
863;Ïóäîæ;7.0
864;Àðäîí;6.9
865;Äåìèäîâ;6.9
866;Åëüíÿ;6.9
867;Çåëåíîãðàäñê;6.9
868;Êëþ÷è;6.9
869;Êðàñíûé_Õîëì;6.9
870;Ïå÷îðû;6.9
871;Âåñüåãîíñê;6.8
872;Äàãåñòàíñêèå_Îãíè;6.8
873;Ìåäûíü;6.8
874;Ïîêðîâ;6.8
875;Óâàðîâî;6.8
876;Ãàâðèëîâ_Ïîñàä;6.7
877;Ñâåòëîãîðñê;6.7
878;Ñâåòëûé;6.7
879;Ñóîÿðâè;6.7
880;Ñû÷¸âêà;6.7
881;Òåðåê;6.6
882;Êðàñíîñëîáîäñê;6.5
883;Âåðåÿ;6.4
884;Íèêîëüñêîå;6.4
885;Ïîëåññê;6.4
886;Áåäíîäåìüÿíîâñê;6.3
887;Âåí¸â;6.3
888;Ñïàñ-Äåìåíñê;6.3
889;ßäðèí;6.3
890;Çàïîëÿðíûé;6.2
891;Ñåâñê;6.2
892;Òåìíèêîâ;6.2
893;Áåëèíñêèé;6.1
894;Çëûíêà;6.0
895;Ðóçà;6.0
896;Ñóðãóò;6.0
897;Ïèòêÿðàíòà;5.9
898;Öèâèëüñê;5.9
899;Øàöê;5.9
900;Äîðîãîáóæ;5.8
901;Èíñàð;5.8
902;Ïåâåê;5.8
903;Ñîëèãàëè÷;5.8
904;Ìãëèí;5.7
905;Ìèðíûé;5.7
906;Íàçðàíü;5.7
907;Àíèâà;5.6
908;Äìèòðîâñê-Îðëîâñêèé;5.6
909;Íèêîëüñê;5.6
910;Ìàìîíîâî;5.5
911;Êîâäîð;5.4
912;Òàðóñà;5.4
913;Øåíêóðñê;5.4
914;Ãîðîäèùå;5.3
915;Êîðàáëèíî;5.3
916;Àðãóí;5.2
917;Æèçäðà;5.2
918;Êàéåðêàí;5.2
919;Ëàáûòíàíãè;5.2
920;Òðîèöê;5.2
921;Ãðàéâîðîí;5.1
922;Îëîíåö;5.0
923;Ñïàñ-Êëåïèêè;5.0
924;Òîììîò;5.0
925;Ìåùîâñê;4.9
926;Ñòàðèöà;4.9
927;Âèëþéñê;4.8
928;Äþðòþëè;4.8
929;×àäàí;4.7
930;Ãîðîäîâèêîâñê;4.6
931;Êîëîãðèâ;4.6
932;Ñàÿíîãîðñê;4.6
933;Åëèçîâî;4.5
934;Çóáöîâ;4.5
935;Ïðèìîðñê;4.5
936;Áàãðàòèîíîâñê;4.4
937;Òåáåðäà;4.4
938;Óñòü-Äæåãóòà;4.4
939;×óõëîìà;4.3
940;Øàãîíàð;4.2
941;Áåëûé;4.1
942;Ìåçåíü;4.1
943;Êà÷êàíàð;4.0
944;Ïë¸ñ;4.0
945;Ñóäæà;4.0
946;Êàìûçÿê;3.9
947;Ìîñàëüñê;3.9
948;Ìûøêèí;3.9
949;Ñëàâñê;3.9
950;Òóðàí;3.9
951;Îç¸ðñê;3.8
952;Ãäîâ;3.7
953;Áàêñàí;3.6
954;Ãîðáàòîâ;3.6
955;Ñîëüâû÷åãîäñê;3.6
956;Àìóðñê;3.5
957;Ïûòàëîâî;3.5
958;Áàëàáàíîâî;3.4
959;Áîãó÷àð;3.4
960;Ïóñòîøêà;3.4
961;Äóõîâùèíà;3.3
962;Ôàòåæ;3.3
963;Êàäíèêîâ;3.2
964;Íåñòåðîâ;3.2
965;Òûíäà;3.1
966;Êàìåííîãîðñê;3.0
967;Êîðî÷à;3.0
968;Õîëì;3.0
969;Íåôòåêàìñê;2.9
970;Êðàñíîçíàìåíñê;2.8
971;Ïðàâäèíñê;2.7
972;Ìàëîàðõàíãåëüñê;2.5
973;Íîâîðæåâ;2.5
974;Ãóðüåâñê;2.4
975;Íîâîñèëü;2.4
976;Íèæíåâàðòîâñê;2.3
977;Àê-Äîâóðàê;2.2
978;Àíàäûðü;2.2
979;Êèçèëþðò;2.2
980;×åêàëèí;2.2
981;Ïðèìîðñê;2.1
982;Æåëåçíîãîðñê-Èëèìñêèé;2.0
983;Ãàé;1.9
984;Æåëåçíîãîðñê;1.9
985;Ñðåäíåêîëûìñê;1.9
986;Íîâîóëüÿíîâñê;1.8
987;Íåôòåêóìñê;1.7
988;Ñîñíîâûé_Áîð;1.7
989;Ëàäóøêèí;1.6
990;Êóðèëüñê;1.5
991;Âåðõîÿíñê;1.4
992;Âûñîöê;1.4
993;Áàéêàëüñê;1.2
994;Ïóùèíî;1.1
995;Óðàé;0.9
996;Ñòðåæåâîé;0.8
997;Êèðèøè;0.6
998;Íåôòåþãàíñê;0.6
999;Íåðþíãðè;0.5
1 000;Óñòü-Èëèìñê;0.5
1 001;ßñíûé;0.5
1 002;Ìåãèîí;0.4
1 003;Íàäûì;0.3
1 004;Âóêòûë;0.1